{
  "lastModified": "2025-12-10T11:40:16.034Z",
  "files": [
    {
      "shortPath": "l0/README.md",
      "versionRef": "a883c80d87d81d9964d42cc26db3c152b503e434",
      "Length": 14,
      "update_at": "2025-12-10T11:31:00.000Z"
    },
    {
      "shortPath": "l2/ateste.defs.ts",
      "versionRef": "9c6c688c4e93376e6f57a24be05d3ed00c5f19fb",
      "Length": 80,
      "update_at": "2025-12-10T11:37:43.000Z"
    },
    {
      "shortPath": "l2/ateste.html",
      "versionRef": "c5b1ca7c7ec08a6805cb247e6ad2bc749d7dee27",
      "Length": 15,
      "update_at": "2025-12-10T11:37:43.000Z"
    },
    {
      "shortPath": "l2/ateste.less",
      "versionRef": "3ea69fa984acddbcc523a3e62a1dd4dc407883b8",
      "Length": 131,
      "update_at": "2025-12-10T11:37:44.000Z"
    },
    {
      "shortPath": "l2/ateste.test.ts",
      "versionRef": "4589d1afee6f5b8075aa53e216c5886f3c535f07",
      "Length": 254,
      "update_at": "2025-12-10T11:37:45.000Z"
    },
    {
      "shortPath": "l2/ateste.ts",
      "versionRef": "f3e781161d33cc46519c9219ab485b7511a210f9",
      "Length": 103,
      "update_at": "2025-12-10T11:37:45.000Z"
    },
    {
      "shortPath": "l2/designSystem.defs.ts",
      "versionRef": "7330331d7c5330ce9603e72f66abe0c0eaa4b8af",
      "Length": 86,
      "update_at": "2025-12-10T11:37:46.000Z"
    },
    {
      "shortPath": "l2/designSystem.html",
      "versionRef": "407e94c1cf19a0a3117d9d391bd2a1dcb58b4471",
      "Length": 21,
      "update_at": "2025-12-10T11:37:47.000Z"
    },
    {
      "shortPath": "l2/designSystem.less",
      "versionRef": "37e7ce7970faa3c5ef72fa16fc47ed1d729a674a",
      "Length": 144,
      "update_at": "2025-12-10T11:37:47.000Z"
    },
    {
      "shortPath": "l2/designSystem.test.ts",
      "versionRef": "d527cbcfb5bd1aa843ab23026dec0570816403d7",
      "Length": 260,
      "update_at": "2025-12-10T11:37:48.000Z"
    },
    {
      "shortPath": "l2/designSystem.ts",
      "versionRef": "03caf0f779020452a2df87a7b0e21d9c159b5aa1",
      "Length": 16184,
      "update_at": "2025-12-10T11:37:49.000Z"
    },
    {
      "shortPath": "l2/project.defs.ts",
      "versionRef": "d3bdeebc90b2e06580720dd507aec4adfa27a92a",
      "Length": 81,
      "update_at": "2025-12-10T11:37:50.000Z"
    },
    {
      "shortPath": "l2/project.html",
      "versionRef": "88a90cf32ef33346febb29387541246b1be9a2e0",
      "Length": 16,
      "update_at": "2025-12-10T11:37:50.000Z"
    },
    {
      "shortPath": "l2/project.less",
      "versionRef": "95fd98f92579c21d2adfe5d229aef2ae492f83d3",
      "Length": 133,
      "update_at": "2025-12-10T11:37:51.000Z"
    },
    {
      "shortPath": "l2/project.test.ts",
      "versionRef": "9c0c080e6bdf8567f8817b604dfcaf132f770ee7",
      "Length": 255,
      "update_at": "2025-12-10T11:37:52.000Z"
    },
    {
      "shortPath": "l2/project.ts",
      "versionRef": "5f5d44cb04f7427402bfdccf4e209329caea5942",
      "Length": 331,
      "update_at": "2025-12-10T11:37:52.000Z"
    },
    {
      "shortPath": "l5/project.json",
      "versionRef": "1581ae90d96ae70c984b33e00ecfc8e578f51240",
      "Length": 383,
      "update_at": "2025-12-10T11:37:53.000Z"
    },
    {
      "shortPath": "l0/package.json",
      "versionRef": "926fca96da8abfc7c7f24a32fa94e3c659b2f7fa",
      "Length": 470,
      "update_at": "2025-12-10T11:31:03.000Z"
    },
    {
      "shortPath": "l0/tsconfig.json",
      "versionRef": "8a3b9f2a29f80701d30e14474980ed20a330a1bc",
      "Length": 1041,
      "update_at": "2025-12-10T11:31:04.000Z"
    }
  ]
}